
{
    "Title":"List Connection Pools",
    "Conn-Pool-Info":[
        {
            "uid":"00238436-0bd5-0000-714b-e31d00000000",
            "connPool":"Connection Pool",
            "parentName":"\"Usage Tracking\"",
            "user":"OBIRCU_BIPLATFORM",
            "password":"ED544C71511C251E9F6BA721C0036D5C0D3CC61173581D8AB2EE00F178C166477D05ABF0029FA595A0A29B70BE4D3204ADEB522D371BA93253DC02B54165CB99 583C211FB9E7C3DD184EBB0345AAA3CE5871EB7DEE9D72F648D8EACD0AFFB913",
            "dataSource":"TOBECHANGED",
            "appServerName":"''"
        },
        {
            "uid":"802b2498-0bd5-0000-714b-e31d00000000",
            "connPool":"UT Connection Pool",
            "parentName":"\"Usage Tracking\"",
            "user":"OBIRCU_BIPLATFORM",
            "password":"ED544C71511C251E9F6BA721C0036D5C0D3CC61173581D8AB2EE00F178C166477D05ABF0029FA595A0A29B70BE4D3204ADEB522D371BA93253DC02B54165CB99 583C211FB9E7C3DD184EBB0345AAA3CE5871EB7DEE9D72F648D8EACD0AFFB913",
            "dataSource":"TOBECHANGED",
            "appServerName":"''"
        },
        {
            "uid":"80ca62c5-0bd5-0000-714b-e31d00000000",
            "connPool":"SampleApp_Lite_Xml",
            "parentName":"\"Sample App Lite Data\"",
            "user":"''",
            "password":"ED544C71511C251E9F6BA721C0036D5C449C6129518DBDCCACD693721F777A0DC3D6B56950A2844B544E7738D6BDC4DA A886F77E060E2E17F45AD8D18CAB2E4D3EFA15B75E30D8B4BFA8C7B2D70552BD",
            "dataSource":"VALUEOF(NQ_SESSION.SERVICEINSTANCEROOT)/data",
            "appServerName":"''"
        }
    ],
    "Variables-In-Conn-Pool":[
    ]
}
